id,orderId,productId,quantity,unitPrice,totalPrice,createdAt
item_001,order_001,prod_095,1,183.11,183.11,2026-01-06T15:37:04.932Z
item_002,order_001,prod_094,1,53.65,53.65,2026-01-06T15:37:04.932Z
item_003,order_002,prod_098,1,211.86,211.86,2026-03-03T06:10:17.712Z
item_004,order_002,prod_072,2,33.06,66.12,2026-03-03T06:10:17.712Z
item_005,order_003,prod_100,2,39.25,78.50,2026-03-18T19:27:43.136Z
item_006,order_003,prod_050,4,135.63,542.52,2026-03-18T19:27:43.136Z
item_007,order_003,prod_051,1,68.32,68.32,2026-03-18T19:27:43.136Z
item_008,order_004,prod_082,2,219.21,438.42,2026-02-22T02:52:27.005Z
item_009,order_004,prod_038,3,17.48,52.44,2026-02-22T02:52:27.005Z
item_010,order_004,prod_094,1,53.65,53.65,2026-02-22T02:52:27.005Z
item_011,order_005,prod_075,3,61.48,184.44,2026-04-15T04:27:23.632Z
item_012,order_005,prod_041,1,128.57,128.57,2026-04-15T04:27:23.632Z
item_013,order_006,prod_025,4,231.11,924.44,2026-01-12T12:15:16.267Z
item_014,order_006,prod_038,2,17.48,34.96,2026-01-12T12:15:16.267Z
item_015,order_006,prod_057,3,53.44,160.32,2026-01-12T12:15:16.267Z
item_016,order_007,prod_093,1,103.80,103.80,2026-04-21T09:56:39.629Z
item_017,order_007,prod_097,4,106.77,427.08,2026-04-21T09:56:39.629Z
item_018,order_008,prod_085,2,156.00,312.00,2026-02-05T09:58:21.610Z
item_019,order_008,prod_026,3,246.91,740.73,2026-02-05T09:58:21.610Z
item_020,order_009,prod_050,1,135.63,135.63,2025-12-23T01:37:43.037Z
item_021,order_009,prod_084,1,30.46,30.46,2025-12-23T01:37:43.037Z
item_022,order_010,prod_026,2,246.91,493.82,2025-12-23T10:14:28.529Z
item_023,order_010,prod_066,4,96.42,385.68,2025-12-23T10:14:28.529Z
item_024,order_011,prod_055,2,70.28,140.56,2026-02-09T18:55:08.385Z
item_025,order_011,prod_074,3,16.45,49.35,2026-02-09T18:55:08.385Z
item_026,order_011,prod_031,4,24.94,99.76,2026-02-09T18:55:08.385Z
item_027,order_012,prod_007,2,116.19,232.38,2026-05-22T12:31:18.387Z
item_028,order_012,prod_086,4,133.05,532.20,2026-05-22T12:31:18.387Z
item_029,order_012,prod_085,2,156.00,312.00,2026-05-22T12:31:18.387Z
item_030,order_013,prod_096,1,229.81,229.81,2026-05-13T02:36:03.879Z
item_031,order_013,prod_036,3,248.32,744.96,2026-05-13T02:36:03.879Z
item_032,order_014,prod_098,2,211.86,423.72,2026-05-13T15:18:41.619Z
item_033,order_014,prod_032,4,212.01,848.04,2026-05-13T15:18:41.619Z
item_034,order_014,prod_092,1,134.11,134.11,2026-05-13T15:18:41.619Z
item_035,order_015,prod_012,4,145.30,581.20,2026-05-28T09:06:53.007Z
item_036,order_015,prod_089,1,110.42,110.42,2026-05-28T09:06:53.007Z
item_037,order_015,prod_044,3,46.43,139.29,2026-05-28T09:06:53.007Z
item_038,order_016,prod_049,3,69.86,209.58,2026-05-25T00:22:10.949Z
item_039,order_016,prod_034,3,40.73,122.19,2026-05-25T00:22:10.949Z
item_040,order_017,prod_080,1,161.99,161.99,2026-05-04T10:28:04.824Z
item_041,order_017,prod_099,1,195.44,195.44,2026-05-04T10:28:04.824Z
item_042,order_017,prod_017,3,134.31,402.93,2026-05-04T10:28:04.824Z
item_043,order_018,prod_095,3,183.11,549.33,2026-03-16T18:56:18.767Z
item_044,order_018,prod_077,1,56.67,56.67,2026-03-16T18:56:18.767Z
item_045,order_019,prod_098,2,211.86,423.72,2026-05-31T06:19:47.983Z
item_046,order_019,prod_079,2,80.38,160.76,2026-05-31T06:19:47.983Z
item_047,order_020,prod_089,3,110.42,331.26,2025-12-23T16:22:54.017Z
item_048,order_020,prod_064,1,23.01,23.01,2025-12-23T16:22:54.017Z
item_049,order_021,prod_058,2,249.96,499.92,2026-04-25T19:07:30.793Z
item_050,order_021,prod_023,1,141.19,141.19,2026-04-25T19:07:30.793Z
item_051,order_021,prod_054,3,62.78,188.34,2026-04-25T19:07:30.793Z
item_052,order_022,prod_069,1,89.15,89.15,2026-01-01T00:14:26.874Z
item_053,order_022,prod_045,4,185.35,741.40,2026-01-01T00:14:26.874Z
item_054,order_022,prod_086,1,133.05,133.05,2026-01-01T00:14:26.874Z
item_055,order_023,prod_009,3,73.04,219.12,2026-03-17T01:11:23.998Z
item_056,order_023,prod_054,3,62.78,188.34,2026-03-17T01:11:23.998Z
item_057,order_023,prod_092,4,134.11,536.44,2026-03-17T01:11:23.998Z
item_058,order_024,prod_054,1,62.78,62.78,2026-04-05T13:03:58.295Z
item_059,order_024,prod_042,3,35.74,107.22,2026-04-05T13:03:58.295Z
item_060,order_025,prod_002,3,170.27,510.81,2026-03-24T19:41:19.612Z
item_061,order_025,prod_011,1,22.45,22.45,2026-03-24T19:41:19.612Z
item_062,order_025,prod_064,2,23.01,46.02,2026-03-24T19:41:19.612Z
item_063,order_026,prod_019,1,76.65,76.65,2025-12-26T16:31:40.184Z
item_064,order_026,prod_065,4,222.88,891.52,2025-12-26T16:31:40.184Z
item_065,order_027,prod_046,1,183.56,183.56,2026-04-14T08:21:05.652Z
item_066,order_027,prod_060,3,160.28,480.84,2026-04-14T08:21:05.652Z
item_067,order_028,prod_074,3,16.45,49.35,2025-12-29T10:56:38.790Z
item_068,order_028,prod_079,2,80.38,160.76,2025-12-29T10:56:38.790Z
item_069,order_028,prod_046,1,183.56,183.56,2025-12-29T10:56:38.790Z
item_070,order_029,prod_049,2,69.86,139.72,2026-01-06T06:07:10.496Z
item_071,order_029,prod_035,1,35.91,35.91,2026-01-06T06:07:10.496Z
item_072,order_029,prod_074,3,16.45,49.35,2026-01-06T06:07:10.496Z
item_073,order_030,prod_089,3,110.42,331.26,2026-01-05T05:18:28.661Z
item_074,order_030,prod_002,3,170.27,510.81,2026-01-05T05:18:28.661Z
item_075,order_030,prod_054,3,62.78,188.34,2026-01-05T05:18:28.661Z
item_076,order_031,prod_074,3,16.45,49.35,2026-04-13T11:38:17.475Z
item_077,order_031,prod_100,3,39.25,117.75,2026-04-13T11:38:17.475Z
item_078,order_032,prod_021,4,16.44,65.76,2026-02-24T17:48:51.382Z
item_079,order_032,prod_052,4,204.02,816.08,2026-02-24T17:48:51.382Z
item_080,order_032,prod_004,3,102.71,308.13,2026-02-24T17:48:51.382Z
item_081,order_033,prod_034,1,40.73,40.73,2026-02-16T19:18:30.038Z
item_082,order_033,prod_026,1,246.91,246.91,2026-02-16T19:18:30.038Z
item_083,order_033,prod_062,4,72.77,291.08,2026-02-16T19:18:30.038Z
item_084,order_034,prod_012,3,145.30,435.90,2025-12-20T06:48:35.802Z
item_085,order_034,prod_067,3,65.11,195.33,2025-12-20T06:48:35.802Z
item_086,order_035,prod_099,2,195.44,390.88,2026-03-07T23:24:44.342Z
item_087,order_035,prod_072,2,33.06,66.12,2026-03-07T23:24:44.342Z
item_088,order_036,prod_065,4,222.88,891.52,2025-12-18T08:11:48.502Z
item_089,order_036,prod_050,3,135.63,406.89,2025-12-18T08:11:48.502Z
item_090,order_036,prod_077,3,56.67,170.01,2025-12-18T08:11:48.502Z
item_091,order_037,prod_018,1,87.78,87.78,2026-04-14T00:22:50.973Z
item_092,order_037,prod_063,1,60.40,60.40,2026-04-14T00:22:50.973Z
item_093,order_037,prod_027,2,199.64,399.28,2026-04-14T00:22:50.973Z
item_094,order_038,prod_038,1,17.48,17.48,2026-03-07T22:12:11.871Z
item_095,order_038,prod_030,1,102.29,102.29,2026-03-07T22:12:11.871Z
item_096,order_039,prod_075,3,61.48,184.44,2026-05-25T09:57:20.635Z
item_097,order_039,prod_001,2,168.66,337.32,2026-05-25T09:57:20.635Z
item_098,order_040,prod_020,2,181.52,363.04,2026-05-25T07:06:43.427Z
item_099,order_040,prod_037,4,141.05,564.20,2026-05-25T07:06:43.427Z
item_100,order_041,prod_005,4,132.66,530.64,2026-01-14T01:39:33.576Z
item_101,order_041,prod_080,4,161.99,647.96,2026-01-14T01:39:33.576Z
item_102,order_042,prod_058,3,249.96,749.88,2026-03-17T12:59:44.374Z
item_103,order_042,prod_080,2,161.99,323.98,2026-03-17T12:59:44.374Z
item_104,order_042,prod_017,4,134.31,537.24,2026-03-17T12:59:44.374Z
item_105,order_043,prod_042,3,35.74,107.22,2026-05-28T03:27:47.329Z
item_106,order_043,prod_057,3,53.44,160.32,2026-05-28T03:27:47.329Z
item_107,order_044,prod_040,1,86.05,86.05,2026-04-03T06:41:08.279Z
item_108,order_044,prod_088,3,81.42,244.26,2026-04-03T06:41:08.279Z
item_109,order_045,prod_092,1,134.11,134.11,2026-01-21T22:53:52.541Z
item_110,order_045,prod_014,3,150.29,450.87,2026-01-21T22:53:52.541Z
item_111,order_045,prod_066,2,96.42,192.84,2026-01-21T22:53:52.541Z
item_112,order_046,prod_065,2,222.88,445.76,2026-03-21T15:22:51.181Z
item_113,order_046,prod_020,4,181.52,726.08,2026-03-21T15:22:51.181Z
item_114,order_046,prod_038,1,17.48,17.48,2026-03-21T15:22:51.181Z
item_115,order_047,prod_014,2,150.29,300.58,2026-03-14T16:12:28.246Z
item_116,order_047,prod_100,1,39.25,39.25,2026-03-14T16:12:28.246Z
item_117,order_047,prod_016,2,128.49,256.98,2026-03-14T16:12:28.246Z
item_118,order_048,prod_079,1,80.38,80.38,2026-06-01T03:17:10.543Z
item_119,order_048,prod_086,4,133.05,532.20,2026-06-01T03:17:10.543Z
item_120,order_048,prod_099,2,195.44,390.88,2026-06-01T03:17:10.543Z
item_121,order_049,prod_043,2,106.73,213.46,2026-01-28T03:28:34.639Z
item_122,order_049,prod_024,1,134.60,134.60,2026-01-28T03:28:34.639Z
item_123,order_050,prod_003,4,205.90,823.60,2026-05-09T08:56:47.715Z
item_124,order_050,prod_083,1,15.07,15.07,2026-05-09T08:56:47.715Z
item_125,order_051,prod_020,1,181.52,181.52,2026-01-08T08:23:36.099Z
item_126,order_051,prod_083,4,15.07,60.28,2026-01-08T08:23:36.099Z
item_127,order_052,prod_044,4,46.43,185.72,2026-02-04T09:03:04.775Z
item_128,order_052,prod_021,4,16.44,65.76,2026-02-04T09:03:04.775Z
item_129,order_053,prod_003,1,205.90,205.90,2025-12-26T23:42:21.486Z
item_130,order_053,prod_014,3,150.29,450.87,2025-12-26T23:42:21.486Z
item_131,order_054,prod_041,2,128.57,257.14,2026-01-18T05:31:30.718Z
item_132,order_054,prod_009,3,73.04,219.12,2026-01-18T05:31:30.718Z
item_133,order_054,prod_044,4,46.43,185.72,2026-01-18T05:31:30.718Z
item_134,order_055,prod_090,4,99.13,396.52,2026-03-10T10:48:43.020Z
item_135,order_055,prod_088,4,81.42,325.68,2026-03-10T10:48:43.020Z
item_136,order_055,prod_037,2,141.05,282.10,2026-03-10T10:48:43.020Z
item_137,order_056,prod_091,3,193.19,579.57,2026-01-21T11:56:50.809Z
item_138,order_056,prod_002,1,170.27,170.27,2026-01-21T11:56:50.809Z
item_139,order_056,prod_083,1,15.07,15.07,2026-01-21T11:56:50.809Z
item_140,order_057,prod_059,1,39.67,39.67,2026-04-04T15:24:07.358Z
item_141,order_057,prod_052,1,204.02,204.02,2026-04-04T15:24:07.358Z
item_142,order_058,prod_022,1,226.83,226.83,2025-12-13T04:34:31.699Z
item_143,order_058,prod_008,1,133.99,133.99,2025-12-13T04:34:31.699Z
item_144,order_058,prod_095,2,183.11,366.22,2025-12-13T04:34:31.699Z
item_145,order_059,prod_012,4,145.30,581.20,2026-05-19T17:45:44.928Z
item_146,order_059,prod_099,2,195.44,390.88,2026-05-19T17:45:44.928Z
item_147,order_059,prod_016,2,128.49,256.98,2026-05-19T17:45:44.928Z
item_148,order_060,prod_079,3,80.38,241.14,2026-04-25T03:47:14.315Z
item_149,order_060,prod_069,1,89.15,89.15,2026-04-25T03:47:14.315Z
item_150,order_061,prod_003,1,205.90,205.90,2026-01-30T09:53:18.391Z
item_151,order_061,prod_055,4,70.28,281.12,2026-01-30T09:53:18.391Z
item_152,order_061,prod_002,1,170.27,170.27,2026-01-30T09:53:18.391Z
item_153,order_062,prod_074,2,16.45,32.90,2025-12-13T04:02:02.442Z
item_154,order_062,prod_078,3,46.46,139.38,2025-12-13T04:02:02.442Z
item_155,order_063,prod_070,3,74.12,222.36,2026-02-21T15:57:30.186Z
item_156,order_063,prod_076,3,34.92,104.76,2026-02-21T15:57:30.186Z
item_157,order_063,prod_023,1,141.19,141.19,2026-02-21T15:57:30.186Z
item_158,order_064,prod_081,3,188.56,565.68,2026-05-29T18:02:34.940Z
item_159,order_064,prod_010,2,88.77,177.54,2026-05-29T18:02:34.940Z
item_160,order_064,prod_087,3,98.98,296.94,2026-05-29T18:02:34.940Z
item_161,order_065,prod_071,4,79.86,319.44,2026-02-23T21:08:58.315Z
item_162,order_065,prod_068,2,193.04,386.08,2026-02-23T21:08:58.315Z
item_163,order_066,prod_062,2,72.77,145.54,2026-01-30T15:43:45.761Z
item_164,order_066,prod_021,3,16.44,49.32,2026-01-30T15:43:45.761Z
item_165,order_066,prod_066,2,96.42,192.84,2026-01-30T15:43:45.761Z
item_166,order_067,prod_078,3,46.46,139.38,2026-04-25T21:35:06.846Z
item_167,order_067,prod_013,2,50.61,101.22,2026-04-25T21:35:06.846Z
item_168,order_068,prod_091,1,193.19,193.19,2025-12-09T17:24:39.130Z
item_169,order_068,prod_100,3,39.25,117.75,2025-12-09T17:24:39.130Z
item_170,order_069,prod_024,2,134.60,269.20,2025-12-30T08:37:36.469Z
item_171,order_069,prod_071,4,79.86,319.44,2025-12-30T08:37:36.469Z
item_172,order_069,prod_080,2,161.99,323.98,2025-12-30T08:37:36.469Z
item_173,order_070,prod_036,4,248.32,993.28,2025-12-28T16:38:06.807Z
item_174,order_070,prod_004,2,102.71,205.42,2025-12-28T16:38:06.807Z
item_175,order_071,prod_077,2,56.67,113.34,2026-02-16T21:27:00.654Z
item_176,order_071,prod_052,3,204.02,612.06,2026-02-16T21:27:00.654Z
item_177,order_072,prod_031,1,24.94,24.94,2026-04-27T03:31:49.595Z
item_178,order_072,prod_019,2,76.65,153.30,2026-04-27T03:31:49.595Z
item_179,order_072,prod_080,1,161.99,161.99,2026-04-27T03:31:49.595Z
item_180,order_073,prod_095,4,183.11,732.44,2026-05-06T08:04:19.244Z
item_181,order_073,prod_069,3,89.15,267.45,2026-05-06T08:04:19.244Z
item_182,order_073,prod_013,4,50.61,202.44,2026-05-06T08:04:19.244Z
item_183,order_074,prod_091,4,193.19,772.76,2026-04-21T14:59:00.307Z
item_184,order_074,prod_098,3,211.86,635.58,2026-04-21T14:59:00.307Z
item_185,order_075,prod_028,3,23.89,71.67,2026-04-04T16:09:55.261Z
item_186,order_075,prod_077,1,56.67,56.67,2026-04-04T16:09:55.261Z
item_187,order_076,prod_056,1,194.75,194.75,2026-04-05T10:05:41.089Z
item_188,order_076,prod_030,1,102.29,102.29,2026-04-05T10:05:41.089Z
item_189,order_077,prod_013,2,50.61,101.22,2026-02-03T15:13:52.901Z
item_190,order_077,prod_078,1,46.46,46.46,2026-02-03T15:13:52.901Z
item_191,order_077,prod_066,4,96.42,385.68,2026-02-03T15:13:52.901Z
item_192,order_078,prod_017,1,134.31,134.31,2026-04-25T15:38:23.777Z
item_193,order_078,prod_037,2,141.05,282.10,2026-04-25T15:38:23.777Z
item_194,order_078,prod_075,1,61.48,61.48,2026-04-25T15:38:23.777Z
item_195,order_079,prod_066,3,96.42,289.26,2026-02-20T20:16:45.542Z
item_196,order_079,prod_034,1,40.73,40.73,2026-02-20T20:16:45.542Z
item_197,order_079,prod_057,1,53.44,53.44,2026-02-20T20:16:45.542Z
item_198,order_080,prod_015,4,48.77,195.08,2026-06-01T11:49:17.872Z
item_199,order_080,prod_023,3,141.19,423.57,2026-06-01T11:49:17.872Z
item_200,order_080,prod_039,3,174.14,522.42,2026-06-01T11:49:17.872Z
item_201,order_081,prod_024,1,134.60,134.60,2026-03-20T11:55:24.175Z
item_202,order_081,prod_025,2,231.11,462.22,2026-03-20T11:55:24.175Z
item_203,order_081,prod_014,1,150.29,150.29,2026-03-20T11:55:24.175Z
item_204,order_082,prod_046,3,183.56,550.68,2026-03-25T22:51:51.020Z
item_205,order_082,prod_031,1,24.94,24.94,2026-03-25T22:51:51.020Z
item_206,order_082,prod_080,4,161.99,647.96,2026-03-25T22:51:51.020Z
item_207,order_083,prod_100,4,39.25,157.00,2026-04-27T23:42:38.911Z
item_208,order_083,prod_048,3,209.43,628.29,2026-04-27T23:42:38.911Z
item_209,order_084,prod_050,1,135.63,135.63,2025-12-17T23:30:14.023Z
item_210,order_084,prod_017,3,134.31,402.93,2025-12-17T23:30:14.023Z
item_211,order_085,prod_080,2,161.99,323.98,2026-04-07T20:09:40.157Z
item_212,order_085,prod_085,2,156.00,312.00,2026-04-07T20:09:40.157Z
item_213,order_085,prod_047,4,97.53,390.12,2026-04-07T20:09:40.157Z
item_214,order_086,prod_073,4,73.63,294.52,2026-05-30T01:07:55.895Z
item_215,order_086,prod_079,3,80.38,241.14,2026-05-30T01:07:55.895Z
item_216,order_086,prod_095,3,183.11,549.33,2026-05-30T01:07:55.895Z
item_217,order_087,prod_026,2,246.91,493.82,2026-05-05T15:11:43.964Z
item_218,order_087,prod_033,3,184.72,554.16,2026-05-05T15:11:43.964Z
item_219,order_087,prod_013,1,50.61,50.61,2026-05-05T15:11:43.964Z
item_220,order_088,prod_056,3,194.75,584.25,2026-06-04T22:05:25.535Z
item_221,order_088,prod_050,3,135.63,406.89,2026-06-04T22:05:25.535Z
item_222,order_089,prod_052,3,204.02,612.06,2026-04-26T15:38:37.886Z
item_223,order_089,prod_020,1,181.52,181.52,2026-04-26T15:38:37.886Z
item_224,order_090,prod_004,3,102.71,308.13,2026-02-25T22:01:36.546Z
item_225,order_090,prod_068,1,193.04,193.04,2026-02-25T22:01:36.546Z
item_226,order_090,prod_037,4,141.05,564.20,2026-02-25T22:01:36.546Z
item_227,order_091,prod_048,1,209.43,209.43,2025-12-26T07:25:48.271Z
item_228,order_091,prod_044,3,46.43,139.29,2025-12-26T07:25:48.271Z
item_229,order_092,prod_065,3,222.88,668.64,2026-02-08T16:40:10.310Z
item_230,order_092,prod_074,3,16.45,49.35,2026-02-08T16:40:10.310Z
item_231,order_093,prod_069,1,89.15,89.15,2025-12-19T17:10:16.438Z
item_232,order_093,prod_096,4,229.81,919.24,2025-12-19T17:10:16.438Z
item_233,order_093,prod_084,1,30.46,30.46,2025-12-19T17:10:16.438Z
item_234,order_094,prod_038,4,17.48,69.92,2026-02-16T19:47:15.778Z
item_235,order_094,prod_079,4,80.38,321.52,2026-02-16T19:47:15.778Z
item_236,order_094,prod_094,4,53.65,214.60,2026-02-16T19:47:15.778Z
item_237,order_095,prod_098,2,211.86,423.72,2026-03-16T18:07:18.293Z
item_238,order_095,prod_072,1,33.06,33.06,2026-03-16T18:07:18.293Z
item_239,order_096,prod_069,3,89.15,267.45,2026-04-07T00:38:16.741Z
item_240,order_096,prod_005,3,132.66,397.98,2026-04-07T00:38:16.741Z
item_241,order_096,prod_048,1,209.43,209.43,2026-04-07T00:38:16.741Z
item_242,order_097,prod_060,2,160.28,320.56,2026-04-30T22:02:43.180Z
item_243,order_097,prod_017,4,134.31,537.24,2026-04-30T22:02:43.180Z
item_244,order_098,prod_070,3,74.12,222.36,2026-02-05T23:10:43.967Z
item_245,order_098,prod_020,2,181.52,363.04,2026-02-05T23:10:43.967Z
item_246,order_099,prod_035,3,35.91,107.73,2026-05-25T00:51:53.069Z
item_247,order_099,prod_079,2,80.38,160.76,2026-05-25T00:51:53.069Z
item_248,order_100,prod_087,4,98.98,395.92,2026-01-15T00:58:39.994Z
item_249,order_100,prod_038,4,17.48,69.92,2026-01-15T00:58:39.994Z
item_250,order_101,prod_054,4,62.78,251.12,2025-12-13T01:54:29.978Z
item_251,order_101,prod_100,4,39.25,157.00,2025-12-13T01:54:29.978Z
item_252,order_102,prod_046,4,183.56,734.24,2026-01-03T10:21:13.605Z
item_253,order_102,prod_015,1,48.77,48.77,2026-01-03T10:21:13.605Z
item_254,order_103,prod_025,1,231.11,231.11,2026-02-12T06:56:19.338Z
item_255,order_103,prod_037,1,141.05,141.05,2026-02-12T06:56:19.338Z
item_256,order_103,prod_069,4,89.15,356.60,2026-02-12T06:56:19.338Z
item_257,order_104,prod_017,1,134.31,134.31,2026-05-21T05:26:02.271Z
item_258,order_104,prod_030,1,102.29,102.29,2026-05-21T05:26:02.271Z
item_259,order_104,prod_050,3,135.63,406.89,2026-05-21T05:26:02.271Z
item_260,order_105,prod_054,1,62.78,62.78,2025-12-11T03:02:18.961Z
item_261,order_105,prod_072,1,33.06,33.06,2025-12-11T03:02:18.961Z
item_262,order_106,prod_007,2,116.19,232.38,2026-05-10T18:41:58.140Z
item_263,order_106,prod_089,4,110.42,441.68,2026-05-10T18:41:58.140Z
item_264,order_106,prod_082,1,219.21,219.21,2026-05-10T18:41:58.140Z
item_265,order_107,prod_002,4,170.27,681.08,2026-05-28T15:54:28.432Z
item_266,order_107,prod_057,3,53.44,160.32,2026-05-28T15:54:28.432Z
item_267,order_107,prod_095,3,183.11,549.33,2026-05-28T15:54:28.432Z
item_268,order_108,prod_055,3,70.28,210.84,2026-05-05T02:29:55.734Z
item_269,order_108,prod_099,3,195.44,586.32,2026-05-05T02:29:55.734Z
item_270,order_108,prod_050,3,135.63,406.89,2026-05-05T02:29:55.734Z
item_271,order_109,prod_040,4,86.05,344.20,2026-04-09T18:08:57.985Z
item_272,order_109,prod_015,2,48.77,97.54,2026-04-09T18:08:57.985Z
item_273,order_110,prod_076,4,34.92,139.68,2026-05-03T18:57:30.233Z
item_274,order_110,prod_095,2,183.11,366.22,2026-05-03T18:57:30.233Z
item_275,order_111,prod_096,1,229.81,229.81,2025-12-11T18:29:49.368Z
item_276,order_111,prod_084,4,30.46,121.84,2025-12-11T18:29:49.368Z
item_277,order_112,prod_026,4,246.91,987.64,2025-12-13T23:38:16.134Z
item_278,order_112,prod_069,4,89.15,356.60,2025-12-13T23:38:16.134Z
item_279,order_112,prod_015,2,48.77,97.54,2025-12-13T23:38:16.134Z
item_280,order_113,prod_082,3,219.21,657.63,2026-04-11T01:13:10.148Z
item_281,order_113,prod_088,1,81.42,81.42,2026-04-11T01:13:10.148Z
item_282,order_113,prod_092,3,134.11,402.33,2026-04-11T01:13:10.148Z
item_283,order_114,prod_096,3,229.81,689.43,2026-01-25T19:19:56.242Z
item_284,order_114,prod_020,1,181.52,181.52,2026-01-25T19:19:56.242Z
item_285,order_114,prod_086,2,133.05,266.10,2026-01-25T19:19:56.242Z
item_286,order_115,prod_071,1,79.86,79.86,2026-03-11T16:44:09.997Z
item_287,order_115,prod_074,1,16.45,16.45,2026-03-11T16:44:09.997Z
item_288,order_115,prod_073,2,73.63,147.26,2026-03-11T16:44:09.997Z
item_289,order_116,prod_052,3,204.02,612.06,2026-01-28T07:35:05.477Z
item_290,order_116,prod_095,3,183.11,549.33,2026-01-28T07:35:05.477Z
item_291,order_116,prod_077,2,56.67,113.34,2026-01-28T07:35:05.477Z
item_292,order_117,prod_016,3,128.49,385.47,2026-03-08T00:05:07.519Z
item_293,order_117,prod_041,4,128.57,514.28,2026-03-08T00:05:07.519Z
item_294,order_117,prod_001,1,168.66,168.66,2026-03-08T00:05:07.519Z
item_295,order_118,prod_066,1,96.42,96.42,2026-06-06T10:19:15.972Z
item_296,order_118,prod_062,4,72.77,291.08,2026-06-06T10:19:15.972Z
item_297,order_119,prod_038,1,17.48,17.48,2026-04-18T01:15:54.749Z
item_298,order_119,prod_078,4,46.46,185.84,2026-04-18T01:15:54.749Z
item_299,order_119,prod_044,3,46.43,139.29,2026-04-18T01:15:54.749Z
item_300,order_120,prod_099,4,195.44,781.76,2026-02-23T22:42:42.018Z
item_301,order_120,prod_085,4,156.00,624.00,2026-02-23T22:42:42.018Z
item_302,order_121,prod_047,4,97.53,390.12,2026-02-22T05:47:09.241Z
item_303,order_121,prod_027,3,199.64,598.92,2026-02-22T05:47:09.241Z
item_304,order_122,prod_094,2,53.65,107.30,2026-05-26T14:55:49.304Z
item_305,order_122,prod_099,3,195.44,586.32,2026-05-26T14:55:49.304Z
item_306,order_123,prod_079,3,80.38,241.14,2026-03-09T07:46:36.912Z
item_307,order_123,prod_035,2,35.91,71.82,2026-03-09T07:46:36.912Z
item_308,order_123,prod_068,1,193.04,193.04,2026-03-09T07:46:36.912Z
item_309,order_124,prod_038,3,17.48,52.44,2026-02-25T15:08:39.590Z
item_310,order_124,prod_026,4,246.91,987.64,2026-02-25T15:08:39.590Z
item_311,order_124,prod_075,2,61.48,122.96,2026-02-25T15:08:39.590Z
item_312,order_125,prod_055,1,70.28,70.28,2026-02-04T07:42:09.721Z
item_313,order_125,prod_063,4,60.40,241.60,2026-02-04T07:42:09.721Z
item_314,order_126,prod_044,4,46.43,185.72,2026-03-05T05:30:11.784Z
item_315,order_126,prod_030,3,102.29,306.87,2026-03-05T05:30:11.784Z
item_316,order_127,prod_034,4,40.73,162.92,2026-01-16T06:16:08.589Z
item_317,order_127,prod_096,2,229.81,459.62,2026-01-16T06:16:08.589Z
item_318,order_128,prod_067,1,65.11,65.11,2026-06-05T11:04:15.677Z
item_319,order_128,prod_056,1,194.75,194.75,2026-06-05T11:04:15.677Z
item_320,order_129,prod_090,2,99.13,198.26,2026-01-10T22:08:10.543Z
item_321,order_129,prod_056,3,194.75,584.25,2026-01-10T22:08:10.543Z
item_322,order_130,prod_054,2,62.78,125.56,2026-05-19T15:38:14.350Z
item_323,order_130,prod_043,4,106.73,426.92,2026-05-19T15:38:14.350Z
item_324,order_130,prod_011,2,22.45,44.90,2026-05-19T15:38:14.350Z
item_325,order_131,prod_097,4,106.77,427.08,2025-12-21T13:11:24.168Z
item_326,order_131,prod_036,1,248.32,248.32,2025-12-21T13:11:24.168Z
item_327,order_132,prod_032,1,212.01,212.01,2026-04-01T08:23:38.649Z
item_328,order_132,prod_001,2,168.66,337.32,2026-04-01T08:23:38.649Z
item_329,order_132,prod_017,1,134.31,134.31,2026-04-01T08:23:38.649Z
item_330,order_133,prod_010,1,88.77,88.77,2026-01-25T16:18:40.276Z
item_331,order_133,prod_087,2,98.98,197.96,2026-01-25T16:18:40.276Z
item_332,order_134,prod_023,4,141.19,564.76,2026-03-15T13:07:24.212Z
item_333,order_134,prod_075,3,61.48,184.44,2026-03-15T13:07:24.212Z
item_334,order_135,prod_091,1,193.19,193.19,2026-04-23T18:11:33.419Z
item_335,order_135,prod_013,1,50.61,50.61,2026-04-23T18:11:33.419Z
item_336,order_136,prod_022,1,226.83,226.83,2026-05-23T17:30:51.853Z
item_337,order_136,prod_096,1,229.81,229.81,2026-05-23T17:30:51.853Z
item_338,order_137,prod_010,4,88.77,355.08,2026-04-03T12:23:23.224Z
item_339,order_137,prod_017,4,134.31,537.24,2026-04-03T12:23:23.224Z
item_340,order_138,prod_100,3,39.25,117.75,2026-04-05T14:03:37.632Z
item_341,order_138,prod_083,4,15.07,60.28,2026-04-05T14:03:37.632Z
item_342,order_139,prod_073,4,73.63,294.52,2026-02-01T00:43:48.276Z
item_343,order_139,prod_049,2,69.86,139.72,2026-02-01T00:43:48.276Z
item_344,order_139,prod_072,3,33.06,99.18,2026-02-01T00:43:48.276Z
item_345,order_140,prod_062,4,72.77,291.08,2026-04-16T08:45:12.186Z
item_346,order_140,prod_096,2,229.81,459.62,2026-04-16T08:45:12.186Z
item_347,order_140,prod_057,4,53.44,213.76,2026-04-16T08:45:12.186Z
item_348,order_141,prod_053,2,229.41,458.82,2026-01-30T15:05:54.529Z
item_349,order_141,prod_054,4,62.78,251.12,2026-01-30T15:05:54.529Z
item_350,order_141,prod_027,4,199.64,798.56,2026-01-30T15:05:54.529Z
item_351,order_142,prod_007,3,116.19,348.57,2026-05-15T13:20:43.719Z
item_352,order_142,prod_063,4,60.40,241.60,2026-05-15T13:20:43.719Z
item_353,order_143,prod_001,4,168.66,674.64,2026-01-03T06:25:51.829Z
item_354,order_143,prod_049,3,69.86,209.58,2026-01-03T06:25:51.829Z
item_355,order_144,prod_061,1,127.55,127.55,2026-02-01T10:38:28.192Z
item_356,order_144,prod_010,2,88.77,177.54,2026-02-01T10:38:28.192Z
item_357,order_144,prod_023,4,141.19,564.76,2026-02-01T10:38:28.192Z
item_358,order_145,prod_036,1,248.32,248.32,2026-05-01T20:39:00.606Z
item_359,order_145,prod_070,2,74.12,148.24,2026-05-01T20:39:00.606Z
item_360,order_145,prod_031,3,24.94,74.82,2026-05-01T20:39:00.606Z
item_361,order_146,prod_001,1,168.66,168.66,2025-12-10T17:58:58.200Z
item_362,order_146,prod_057,1,53.44,53.44,2025-12-10T17:58:58.200Z
item_363,order_146,prod_005,3,132.66,397.98,2025-12-10T17:58:58.200Z
item_364,order_147,prod_047,3,97.53,292.59,2026-04-29T09:12:13.971Z
item_365,order_147,prod_040,4,86.05,344.20,2026-04-29T09:12:13.971Z
item_366,order_147,prod_026,1,246.91,246.91,2026-04-29T09:12:13.971Z
item_367,order_148,prod_030,3,102.29,306.87,2025-12-11T14:16:33.296Z
item_368,order_148,prod_065,2,222.88,445.76,2025-12-11T14:16:33.296Z
item_369,order_149,prod_094,2,53.65,107.30,2026-05-31T09:21:52.267Z
item_370,order_149,prod_048,3,209.43,628.29,2026-05-31T09:21:52.267Z
item_371,order_149,prod_032,3,212.01,636.03,2026-05-31T09:21:52.267Z
item_372,order_150,prod_067,1,65.11,65.11,2026-05-02T04:56:29.162Z
item_373,order_150,prod_050,4,135.63,542.52,2026-05-02T04:56:29.162Z
item_374,order_151,prod_011,4,22.45,89.80,2026-02-12T12:14:10.975Z
item_375,order_151,prod_075,3,61.48,184.44,2026-02-12T12:14:10.975Z
item_376,order_151,prod_069,1,89.15,89.15,2026-02-12T12:14:10.975Z
item_377,order_152,prod_067,3,65.11,195.33,2026-06-03T14:21:05.424Z
item_378,order_152,prod_091,1,193.19,193.19,2026-06-03T14:21:05.424Z
item_379,order_152,prod_053,1,229.41,229.41,2026-06-03T14:21:05.424Z
item_380,order_153,prod_079,2,80.38,160.76,2026-03-16T13:11:01.159Z
item_381,order_153,prod_015,1,48.77,48.77,2026-03-16T13:11:01.159Z
item_382,order_153,prod_057,2,53.44,106.88,2026-03-16T13:11:01.159Z
item_383,order_154,prod_023,4,141.19,564.76,2026-03-27T02:25:16.478Z
item_384,order_154,prod_064,1,23.01,23.01,2026-03-27T02:25:16.478Z
item_385,order_154,prod_073,4,73.63,294.52,2026-03-27T02:25:16.478Z
item_386,order_155,prod_088,2,81.42,162.84,2026-03-07T14:24:55.325Z
item_387,order_155,prod_097,3,106.77,320.31,2026-03-07T14:24:55.325Z
item_388,order_155,prod_099,4,195.44,781.76,2026-03-07T14:24:55.325Z
item_389,order_156,prod_074,3,16.45,49.35,2026-04-03T22:12:52.809Z
item_390,order_156,prod_076,2,34.92,69.84,2026-04-03T22:12:52.809Z
item_391,order_157,prod_037,2,141.05,282.10,2026-02-03T08:44:01.543Z
item_392,order_157,prod_051,2,68.32,136.64,2026-02-03T08:44:01.543Z
item_393,order_157,prod_030,1,102.29,102.29,2026-02-03T08:44:01.543Z
item_394,order_158,prod_042,4,35.74,142.96,2026-02-16T15:10:10.126Z
item_395,order_158,prod_019,4,76.65,306.60,2026-02-16T15:10:10.126Z
item_396,order_158,prod_015,1,48.77,48.77,2026-02-16T15:10:10.126Z
item_397,order_159,prod_048,1,209.43,209.43,2026-02-03T22:17:57.641Z
item_398,order_159,prod_064,2,23.01,46.02,2026-02-03T22:17:57.641Z
item_399,order_160,prod_019,4,76.65,306.60,2026-04-18T06:54:00.855Z
item_400,order_160,prod_002,1,170.27,170.27,2026-04-18T06:54:00.855Z
item_401,order_161,prod_048,1,209.43,209.43,2026-01-25T18:45:50.187Z
item_402,order_161,prod_020,4,181.52,726.08,2026-01-25T18:45:50.187Z
item_403,order_162,prod_076,3,34.92,104.76,2025-12-24T16:18:25.888Z
item_404,order_162,prod_025,3,231.11,693.33,2025-12-24T16:18:25.888Z
item_405,order_163,prod_059,2,39.67,79.34,2026-05-29T15:31:42.852Z
item_406,order_163,prod_093,4,103.80,415.20,2026-05-29T15:31:42.852Z
item_407,order_164,prod_014,3,150.29,450.87,2025-12-19T05:46:06.606Z
item_408,order_164,prod_029,2,176.32,352.64,2025-12-19T05:46:06.606Z
item_409,order_164,prod_002,3,170.27,510.81,2025-12-19T05:46:06.606Z
item_410,order_165,prod_052,2,204.02,408.04,2026-04-14T15:27:57.820Z
item_411,order_165,prod_096,3,229.81,689.43,2026-04-14T15:27:57.820Z
item_412,order_165,prod_031,1,24.94,24.94,2026-04-14T15:27:57.820Z
item_413,order_166,prod_052,4,204.02,816.08,2026-05-28T06:17:50.288Z
item_414,order_166,prod_041,2,128.57,257.14,2026-05-28T06:17:50.288Z
item_415,order_166,prod_008,2,133.99,267.98,2026-05-28T06:17:50.288Z
item_416,order_167,prod_014,4,150.29,601.16,2026-01-24T16:51:30.785Z
item_417,order_167,prod_006,2,159.91,319.82,2026-01-24T16:51:30.785Z
item_418,order_168,prod_043,2,106.73,213.46,2026-04-11T16:16:40.321Z
item_419,order_168,prod_017,2,134.31,268.62,2026-04-11T16:16:40.321Z
item_420,order_168,prod_053,2,229.41,458.82,2026-04-11T16:16:40.321Z
item_421,order_169,prod_096,2,229.81,459.62,2026-01-08T20:51:13.381Z
item_422,order_169,prod_008,3,133.99,401.97,2026-01-08T20:51:13.381Z
item_423,order_169,prod_019,2,76.65,153.30,2026-01-08T20:51:13.381Z
item_424,order_170,prod_002,2,170.27,340.54,2026-03-19T19:55:01.583Z
item_425,order_170,prod_075,1,61.48,61.48,2026-03-19T19:55:01.583Z
item_426,order_170,prod_029,3,176.32,528.96,2026-03-19T19:55:01.583Z
item_427,order_171,prod_031,1,24.94,24.94,2026-01-07T13:51:57.585Z
item_428,order_171,prod_046,3,183.56,550.68,2026-01-07T13:51:57.585Z
item_429,order_172,prod_054,3,62.78,188.34,2026-05-30T18:29:40.405Z
item_430,order_172,prod_073,4,73.63,294.52,2026-05-30T18:29:40.405Z
item_431,order_173,prod_034,4,40.73,162.92,2026-03-01T08:22:35.328Z
item_432,order_173,prod_035,3,35.91,107.73,2026-03-01T08:22:35.328Z
item_433,order_173,prod_015,1,48.77,48.77,2026-03-01T08:22:35.328Z
item_434,order_174,prod_047,1,97.53,97.53,2026-01-24T22:54:32.332Z
item_435,order_174,prod_078,1,46.46,46.46,2026-01-24T22:54:32.332Z
item_436,order_175,prod_049,3,69.86,209.58,2026-05-31T01:21:38.705Z
item_437,order_175,prod_069,1,89.15,89.15,2026-05-31T01:21:38.705Z
item_438,order_176,prod_049,3,69.86,209.58,2026-04-24T21:44:25.762Z
item_439,order_176,prod_027,2,199.64,399.28,2026-04-24T21:44:25.762Z
item_440,order_177,prod_059,4,39.67,158.68,2026-04-23T17:41:11.907Z
item_441,order_177,prod_050,1,135.63,135.63,2026-04-23T17:41:11.907Z
item_442,order_177,prod_026,2,246.91,493.82,2026-04-23T17:41:11.907Z
item_443,order_178,prod_013,2,50.61,101.22,2026-03-05T07:15:40.759Z
item_444,order_178,prod_086,1,133.05,133.05,2026-03-05T07:15:40.759Z
item_445,order_179,prod_017,1,134.31,134.31,2026-03-11T14:50:08.043Z
item_446,order_179,prod_026,3,246.91,740.73,2026-03-11T14:50:08.043Z
item_447,order_179,prod_038,4,17.48,69.92,2026-03-11T14:50:08.043Z
item_448,order_180,prod_018,2,87.78,175.56,2026-02-20T15:10:37.006Z
item_449,order_180,prod_014,4,150.29,601.16,2026-02-20T15:10:37.006Z
item_450,order_181,prod_096,2,229.81,459.62,2026-05-25T09:58:42.326Z
item_451,order_181,prod_020,2,181.52,363.04,2026-05-25T09:58:42.326Z
item_452,order_181,prod_066,2,96.42,192.84,2026-05-25T09:58:42.326Z
item_453,order_182,prod_070,4,74.12,296.48,2026-03-01T07:03:49.120Z
item_454,order_182,prod_005,4,132.66,530.64,2026-03-01T07:03:49.120Z
item_455,order_182,prod_091,4,193.19,772.76,2026-03-01T07:03:49.120Z
item_456,order_183,prod_084,2,30.46,60.92,2026-02-24T01:36:45.468Z
item_457,order_183,prod_019,3,76.65,229.95,2026-02-24T01:36:45.468Z
item_458,order_184,prod_030,2,102.29,204.58,2026-02-15T17:34:04.746Z
item_459,order_184,prod_027,2,199.64,399.28,2026-02-15T17:34:04.746Z
item_460,order_185,prod_097,4,106.77,427.08,2026-02-14T17:25:39.548Z
item_461,order_185,prod_031,4,24.94,99.76,2026-02-14T17:25:39.548Z
item_462,order_186,prod_077,1,56.67,56.67,2026-03-15T23:20:10.624Z
item_463,order_186,prod_055,2,70.28,140.56,2026-03-15T23:20:10.624Z
item_464,order_187,prod_038,2,17.48,34.96,2026-01-06T21:37:45.939Z
item_465,order_187,prod_001,2,168.66,337.32,2026-01-06T21:37:45.939Z
item_466,order_188,prod_073,3,73.63,220.89,2026-02-05T19:55:37.514Z
item_467,order_188,prod_066,3,96.42,289.26,2026-02-05T19:55:37.514Z
item_468,order_188,prod_021,2,16.44,32.88,2026-02-05T19:55:37.514Z
item_469,order_189,prod_082,4,219.21,876.84,2026-02-10T01:15:36.306Z
item_470,order_189,prod_084,2,30.46,60.92,2026-02-10T01:15:36.306Z
item_471,order_189,prod_065,1,222.88,222.88,2026-02-10T01:15:36.306Z
item_472,order_190,prod_098,3,211.86,635.58,2026-04-04T20:13:21.692Z
item_473,order_190,prod_090,4,99.13,396.52,2026-04-04T20:13:21.692Z
item_474,order_191,prod_040,2,86.05,172.10,2026-03-25T00:29:24.947Z
item_475,order_191,prod_027,2,199.64,399.28,2026-03-25T00:29:24.947Z
item_476,order_192,prod_100,2,39.25,78.50,2026-06-02T11:51:28.295Z
item_477,order_192,prod_003,2,205.90,411.80,2026-06-02T11:51:28.295Z
item_478,order_192,prod_088,4,81.42,325.68,2026-06-02T11:51:28.295Z
item_479,order_193,prod_011,3,22.45,67.35,2025-12-25T16:22:09.016Z
item_480,order_193,prod_065,2,222.88,445.76,2025-12-25T16:22:09.016Z
item_481,order_194,prod_059,3,39.67,119.01,2026-03-28T04:44:22.225Z
item_482,order_194,prod_008,4,133.99,535.96,2026-03-28T04:44:22.225Z
item_483,order_195,prod_089,1,110.42,110.42,2026-05-02T23:45:40.757Z
item_484,order_195,prod_023,1,141.19,141.19,2026-05-02T23:45:40.757Z
item_485,order_195,prod_044,2,46.43,92.86,2026-05-02T23:45:40.757Z
item_486,order_196,prod_019,2,76.65,153.30,2026-06-06T10:18:43.069Z
item_487,order_196,prod_008,2,133.99,267.98,2026-06-06T10:18:43.069Z
item_488,order_196,prod_100,4,39.25,157.00,2026-06-06T10:18:43.069Z
item_489,order_197,prod_081,1,188.56,188.56,2026-05-23T02:53:50.407Z
item_490,order_197,prod_004,1,102.71,102.71,2026-05-23T02:53:50.407Z
item_491,order_197,prod_037,2,141.05,282.10,2026-05-23T02:53:50.407Z
item_492,order_198,prod_069,1,89.15,89.15,2026-01-15T02:08:34.898Z
item_493,order_198,prod_009,1,73.04,73.04,2026-01-15T02:08:34.898Z
item_494,order_198,prod_034,1,40.73,40.73,2026-01-15T02:08:34.898Z
item_495,order_199,prod_091,4,193.19,772.76,2026-05-18T01:18:28.521Z
item_496,order_199,prod_055,4,70.28,281.12,2026-05-18T01:18:28.521Z
item_497,order_199,prod_013,2,50.61,101.22,2026-05-18T01:18:28.521Z
item_498,order_200,prod_011,4,22.45,89.80,2025-12-24T05:27:11.308Z
item_499,order_200,prod_080,2,161.99,323.98,2025-12-24T05:27:11.308Z
item_500,order_201,prod_003,2,205.90,411.80,2026-02-12T19:27:17.323Z
item_501,order_201,prod_063,3,60.40,181.20,2026-02-12T19:27:17.323Z
item_502,order_202,prod_049,3,69.86,209.58,2025-12-11T20:00:14.722Z
item_503,order_202,prod_054,2,62.78,125.56,2025-12-11T20:00:14.722Z
item_504,order_202,prod_100,1,39.25,39.25,2025-12-11T20:00:14.722Z
item_505,order_203,prod_044,4,46.43,185.72,2026-03-26T00:21:52.995Z
item_506,order_203,prod_095,4,183.11,732.44,2026-03-26T00:21:52.995Z
item_507,order_204,prod_048,2,209.43,418.86,2026-02-14T17:28:00.351Z
item_508,order_204,prod_027,2,199.64,399.28,2026-02-14T17:28:00.351Z
item_509,order_204,prod_074,4,16.45,65.80,2026-02-14T17:28:00.351Z
item_510,order_205,prod_064,2,23.01,46.02,2026-05-23T01:18:48.599Z
item_511,order_205,prod_015,3,48.77,146.31,2026-05-23T01:18:48.599Z
item_512,order_205,prod_012,4,145.30,581.20,2026-05-23T01:18:48.599Z
item_513,order_206,prod_089,4,110.42,441.68,2026-01-09T20:17:00.206Z
item_514,order_206,prod_074,1,16.45,16.45,2026-01-09T20:17:00.206Z
item_515,order_206,prod_060,1,160.28,160.28,2026-01-09T20:17:00.206Z
item_516,order_207,prod_031,1,24.94,24.94,2025-12-21T12:26:46.554Z
item_517,order_207,prod_093,4,103.80,415.20,2025-12-21T12:26:46.554Z
item_518,order_207,prod_078,4,46.46,185.84,2025-12-21T12:26:46.554Z
item_519,order_208,prod_013,3,50.61,151.83,2026-05-21T12:19:09.571Z
item_520,order_208,prod_048,4,209.43,837.72,2026-05-21T12:19:09.571Z
item_521,order_208,prod_080,1,161.99,161.99,2026-05-21T12:19:09.571Z
item_522,order_209,prod_061,1,127.55,127.55,2026-02-05T08:38:37.919Z
item_523,order_209,prod_077,4,56.67,226.68,2026-02-05T08:38:37.919Z
item_524,order_209,prod_041,4,128.57,514.28,2026-02-05T08:38:37.919Z
item_525,order_210,prod_065,2,222.88,445.76,2026-01-28T06:49:10.366Z
item_526,order_210,prod_042,2,35.74,71.48,2026-01-28T06:49:10.366Z
item_527,order_210,prod_080,2,161.99,323.98,2026-01-28T06:49:10.366Z
item_528,order_211,prod_037,4,141.05,564.20,2026-02-25T00:42:01.700Z
item_529,order_211,prod_088,2,81.42,162.84,2026-02-25T00:42:01.700Z
item_530,order_211,prod_051,1,68.32,68.32,2026-02-25T00:42:01.700Z
item_531,order_212,prod_030,1,102.29,102.29,2026-04-18T13:19:04.798Z
item_532,order_212,prod_068,3,193.04,579.12,2026-04-18T13:19:04.798Z
item_533,order_212,prod_026,4,246.91,987.64,2026-04-18T13:19:04.798Z
item_534,order_213,prod_089,3,110.42,331.26,2026-04-08T07:20:18.236Z
item_535,order_213,prod_061,4,127.55,510.20,2026-04-08T07:20:18.236Z
item_536,order_213,prod_006,3,159.91,479.73,2026-04-08T07:20:18.236Z
item_537,order_214,prod_036,3,248.32,744.96,2026-05-23T06:38:23.701Z
item_538,order_214,prod_087,3,98.98,296.94,2026-05-23T06:38:23.701Z
item_539,order_215,prod_015,4,48.77,195.08,2025-12-23T17:42:04.977Z
item_540,order_215,prod_024,2,134.60,269.20,2025-12-23T17:42:04.977Z
item_541,order_215,prod_051,1,68.32,68.32,2025-12-23T17:42:04.977Z
item_542,order_216,prod_034,1,40.73,40.73,2026-05-04T15:59:21.293Z
item_543,order_216,prod_099,1,195.44,195.44,2026-05-04T15:59:21.293Z
item_544,order_216,prod_032,1,212.01,212.01,2026-05-04T15:59:21.293Z
item_545,order_217,prod_060,1,160.28,160.28,2026-01-01T19:20:26.641Z
item_546,order_217,prod_065,2,222.88,445.76,2026-01-01T19:20:26.641Z
item_547,order_217,prod_048,3,209.43,628.29,2026-01-01T19:20:26.641Z
item_548,order_218,prod_067,1,65.11,65.11,2026-03-12T17:55:35.606Z
item_549,order_218,prod_043,1,106.73,106.73,2026-03-12T17:55:35.606Z
item_550,order_219,prod_047,2,97.53,195.06,2026-04-22T05:19:55.761Z
item_551,order_219,prod_011,4,22.45,89.80,2026-04-22T05:19:55.761Z
item_552,order_220,prod_082,2,219.21,438.42,2026-04-21T00:00:17.797Z
item_553,order_220,prod_094,4,53.65,214.60,2026-04-21T00:00:17.797Z
item_554,order_220,prod_079,3,80.38,241.14,2026-04-21T00:00:17.797Z
item_555,order_221,prod_021,4,16.44,65.76,2026-04-07T04:28:05.318Z
item_556,order_221,prod_095,2,183.11,366.22,2026-04-07T04:28:05.318Z
item_557,order_221,prod_067,1,65.11,65.11,2026-04-07T04:28:05.318Z
item_558,order_222,prod_036,1,248.32,248.32,2026-01-06T19:50:55.590Z
item_559,order_222,prod_057,2,53.44,106.88,2026-01-06T19:50:55.590Z
item_560,order_222,prod_093,3,103.80,311.40,2026-01-06T19:50:55.590Z
item_561,order_223,prod_085,4,156.00,624.00,2026-03-28T05:20:01.924Z
item_562,order_223,prod_029,1,176.32,176.32,2026-03-28T05:20:01.924Z
item_563,order_223,prod_013,2,50.61,101.22,2026-03-28T05:20:01.924Z
item_564,order_224,prod_081,1,188.56,188.56,2026-03-30T15:04:14.663Z
item_565,order_224,prod_044,4,46.43,185.72,2026-03-30T15:04:14.663Z
item_566,order_224,prod_047,1,97.53,97.53,2026-03-30T15:04:14.663Z
item_567,order_225,prod_076,4,34.92,139.68,2026-01-04T17:01:31.357Z
item_568,order_225,prod_073,1,73.63,73.63,2026-01-04T17:01:31.357Z
item_569,order_226,prod_078,1,46.46,46.46,2026-04-10T12:43:05.282Z
item_570,order_226,prod_071,2,79.86,159.72,2026-04-10T12:43:05.282Z
item_571,order_227,prod_001,1,168.66,168.66,2026-02-16T02:13:53.073Z
item_572,order_227,prod_007,2,116.19,232.38,2026-02-16T02:13:53.073Z
item_573,order_227,prod_008,4,133.99,535.96,2026-02-16T02:13:53.073Z
item_574,order_228,prod_050,4,135.63,542.52,2026-04-13T18:09:01.868Z
item_575,order_228,prod_003,4,205.90,823.60,2026-04-13T18:09:01.868Z
item_576,order_229,prod_041,3,128.57,385.71,2026-04-14T15:50:07.275Z
item_577,order_229,prod_086,4,133.05,532.20,2026-04-14T15:50:07.275Z
item_578,order_229,prod_061,4,127.55,510.20,2026-04-14T15:50:07.275Z
item_579,order_230,prod_005,2,132.66,265.32,2026-03-21T02:17:37.335Z
item_580,order_230,prod_047,4,97.53,390.12,2026-03-21T02:17:37.335Z
item_581,order_230,prod_039,2,174.14,348.28,2026-03-21T02:17:37.335Z
item_582,order_231,prod_094,1,53.65,53.65,2026-03-06T18:46:00.149Z
item_583,order_231,prod_023,4,141.19,564.76,2026-03-06T18:46:00.149Z
item_584,order_231,prod_091,4,193.19,772.76,2026-03-06T18:46:00.149Z
item_585,order_232,prod_038,3,17.48,52.44,2026-03-20T06:25:25.503Z
item_586,order_232,prod_033,3,184.72,554.16,2026-03-20T06:25:25.503Z
item_587,order_233,prod_036,1,248.32,248.32,2026-04-04T18:52:57.605Z
item_588,order_233,prod_030,4,102.29,409.16,2026-04-04T18:52:57.605Z
item_589,order_234,prod_047,2,97.53,195.06,2026-02-11T18:36:14.121Z
item_590,order_234,prod_070,2,74.12,148.24,2026-02-11T18:36:14.121Z
item_591,order_234,prod_021,2,16.44,32.88,2026-02-11T18:36:14.121Z
item_592,order_235,prod_053,3,229.41,688.23,2026-06-08T00:29:06.991Z
item_593,order_235,prod_039,3,174.14,522.42,2026-06-08T00:29:06.991Z
item_594,order_235,prod_014,3,150.29,450.87,2026-06-08T00:29:06.991Z
item_595,order_236,prod_051,2,68.32,136.64,2025-12-17T19:47:37.124Z
item_596,order_236,prod_098,3,211.86,635.58,2025-12-17T19:47:37.124Z
item_597,order_237,prod_098,1,211.86,211.86,2026-01-14T20:48:41.600Z
item_598,order_237,prod_003,4,205.90,823.60,2026-01-14T20:48:41.600Z
item_599,order_237,prod_096,3,229.81,689.43,2026-01-14T20:48:41.600Z
item_600,order_238,prod_093,1,103.80,103.80,2026-05-23T00:44:29.982Z
item_601,order_238,prod_050,4,135.63,542.52,2026-05-23T00:44:29.982Z
item_602,order_239,prod_058,1,249.96,249.96,2026-04-10T08:07:50.111Z
item_603,order_239,prod_039,2,174.14,348.28,2026-04-10T08:07:50.111Z
item_604,order_239,prod_067,4,65.11,260.44,2026-04-10T08:07:50.111Z
item_605,order_240,prod_004,2,102.71,205.42,2026-01-17T11:40:35.336Z
item_606,order_240,prod_032,3,212.01,636.03,2026-01-17T11:40:35.336Z
item_607,order_240,prod_038,2,17.48,34.96,2026-01-17T11:40:35.336Z
item_608,order_241,prod_092,2,134.11,268.22,2026-04-14T22:07:19.480Z
item_609,order_241,prod_034,4,40.73,162.92,2026-04-14T22:07:19.480Z
item_610,order_242,prod_055,3,70.28,210.84,2026-04-13T04:30:56.061Z
item_611,order_242,prod_024,1,134.60,134.60,2026-04-13T04:30:56.061Z
item_612,order_243,prod_013,2,50.61,101.22,2026-02-21T10:09:42.461Z
item_613,order_243,prod_069,4,89.15,356.60,2026-02-21T10:09:42.461Z
item_614,order_243,prod_053,3,229.41,688.23,2026-02-21T10:09:42.461Z
item_615,order_244,prod_021,4,16.44,65.76,2026-04-08T14:46:12.084Z
item_616,order_244,prod_082,2,219.21,438.42,2026-04-08T14:46:12.084Z
item_617,order_244,prod_028,3,23.89,71.67,2026-04-08T14:46:12.084Z
item_618,order_245,prod_043,4,106.73,426.92,2026-02-27T16:43:53.148Z
item_619,order_245,prod_006,4,159.91,639.64,2026-02-27T16:43:53.148Z
item_620,order_245,prod_096,4,229.81,919.24,2026-02-27T16:43:53.148Z
item_621,order_246,prod_015,4,48.77,195.08,2026-01-13T19:19:25.012Z
item_622,order_246,prod_063,3,60.40,181.20,2026-01-13T19:19:25.012Z
item_623,order_246,prod_098,2,211.86,423.72,2026-01-13T19:19:25.012Z
item_624,order_247,prod_068,1,193.04,193.04,2026-04-08T03:07:47.644Z
item_625,order_247,prod_027,3,199.64,598.92,2026-04-08T03:07:47.644Z
item_626,order_247,prod_092,4,134.11,536.44,2026-04-08T03:07:47.644Z
item_627,order_248,prod_042,4,35.74,142.96,2026-04-25T07:29:15.293Z
item_628,order_248,prod_052,3,204.02,612.06,2026-04-25T07:29:15.293Z
item_629,order_249,prod_089,1,110.42,110.42,2025-12-19T18:49:24.681Z
item_630,order_249,prod_003,1,205.90,205.90,2025-12-19T18:49:24.681Z
item_631,order_249,prod_076,4,34.92,139.68,2025-12-19T18:49:24.681Z
item_632,order_250,prod_092,1,134.11,134.11,2026-02-28T15:53:59.837Z
item_633,order_250,prod_051,4,68.32,273.28,2026-02-28T15:53:59.837Z
item_634,order_250,prod_038,1,17.48,17.48,2026-02-28T15:53:59.837Z
item_635,order_251,prod_027,2,199.64,399.28,2026-05-27T12:47:14.890Z
item_636,order_251,prod_020,1,181.52,181.52,2026-05-27T12:47:14.890Z
item_637,order_251,prod_033,3,184.72,554.16,2026-05-27T12:47:14.890Z
item_638,order_252,prod_004,1,102.71,102.71,2026-05-30T01:41:35.537Z
item_639,order_252,prod_024,1,134.60,134.60,2026-05-30T01:41:35.537Z
item_640,order_252,prod_034,4,40.73,162.92,2026-05-30T01:41:35.537Z
item_641,order_253,prod_084,4,30.46,121.84,2026-04-24T23:29:09.617Z
item_642,order_253,prod_030,4,102.29,409.16,2026-04-24T23:29:09.617Z
item_643,order_253,prod_007,1,116.19,116.19,2026-04-24T23:29:09.617Z
item_644,order_254,prod_043,1,106.73,106.73,2025-12-26T20:22:17.004Z
item_645,order_254,prod_092,2,134.11,268.22,2025-12-26T20:22:17.004Z
item_646,order_254,prod_047,2,97.53,195.06,2025-12-26T20:22:17.004Z
item_647,order_255,prod_012,2,145.30,290.60,2026-04-23T23:02:56.918Z
item_648,order_255,prod_078,2,46.46,92.92,2026-04-23T23:02:56.918Z
item_649,order_256,prod_044,3,46.43,139.29,2026-05-29T23:58:47.982Z
item_650,order_256,prod_050,3,135.63,406.89,2026-05-29T23:58:47.982Z
item_651,order_257,prod_051,4,68.32,273.28,2026-04-02T04:28:07.164Z
item_652,order_257,prod_015,1,48.77,48.77,2026-04-02T04:28:07.164Z
item_653,order_258,prod_079,3,80.38,241.14,2026-01-29T10:24:03.365Z
item_654,order_258,prod_095,2,183.11,366.22,2026-01-29T10:24:03.365Z
item_655,order_258,prod_083,2,15.07,30.14,2026-01-29T10:24:03.365Z
item_656,order_259,prod_021,1,16.44,16.44,2025-12-26T06:11:49.288Z
item_657,order_259,prod_042,3,35.74,107.22,2025-12-26T06:11:49.288Z
item_658,order_259,prod_044,4,46.43,185.72,2025-12-26T06:11:49.288Z
item_659,order_260,prod_048,2,209.43,418.86,2026-03-04T21:01:29.501Z
item_660,order_260,prod_070,4,74.12,296.48,2026-03-04T21:01:29.501Z
item_661,order_261,prod_085,3,156.00,468.00,2026-04-02T22:39:03.964Z
item_662,order_261,prod_082,2,219.21,438.42,2026-04-02T22:39:03.964Z
item_663,order_261,prod_028,3,23.89,71.67,2026-04-02T22:39:03.964Z
item_664,order_262,prod_065,3,222.88,668.64,2026-01-03T15:58:48.065Z
item_665,order_262,prod_045,1,185.35,185.35,2026-01-03T15:58:48.065Z
item_666,order_262,prod_060,3,160.28,480.84,2026-01-03T15:58:48.065Z
item_667,order_263,prod_052,2,204.02,408.04,2025-12-09T06:18:12.426Z
item_668,order_263,prod_048,3,209.43,628.29,2025-12-09T06:18:12.426Z
item_669,order_263,prod_027,3,199.64,598.92,2025-12-09T06:18:12.426Z
item_670,order_264,prod_036,4,248.32,993.28,2026-05-24T22:44:09.016Z
item_671,order_264,prod_098,3,211.86,635.58,2026-05-24T22:44:09.016Z
item_672,order_265,prod_045,3,185.35,556.05,2026-04-25T09:33:49.141Z
item_673,order_265,prod_008,2,133.99,267.98,2026-04-25T09:33:49.141Z
item_674,order_265,prod_081,2,188.56,377.12,2026-04-25T09:33:49.141Z
item_675,order_266,prod_029,4,176.32,705.28,2026-01-10T20:04:28.122Z
item_676,order_266,prod_019,1,76.65,76.65,2026-01-10T20:04:28.122Z
item_677,order_267,prod_020,2,181.52,363.04,2026-05-20T00:55:43.936Z
item_678,order_267,prod_046,3,183.56,550.68,2026-05-20T00:55:43.936Z
item_679,order_268,prod_082,1,219.21,219.21,2026-04-26T18:47:43.595Z
item_680,order_268,prod_049,3,69.86,209.58,2026-04-26T18:47:43.595Z
item_681,order_269,prod_077,1,56.67,56.67,2026-05-10T15:40:07.588Z
item_682,order_269,prod_045,3,185.35,556.05,2026-05-10T15:40:07.588Z
item_683,order_270,prod_023,3,141.19,423.57,2026-02-04T00:12:05.390Z
item_684,order_270,prod_047,4,97.53,390.12,2026-02-04T00:12:05.390Z
item_685,order_270,prod_009,4,73.04,292.16,2026-02-04T00:12:05.390Z
item_686,order_271,prod_017,2,134.31,268.62,2026-05-08T21:31:35.661Z
item_687,order_271,prod_091,2,193.19,386.38,2026-05-08T21:31:35.661Z
item_688,order_271,prod_042,1,35.74,35.74,2026-05-08T21:31:35.661Z
item_689,order_272,prod_088,1,81.42,81.42,2025-12-16T03:59:54.663Z
item_690,order_272,prod_093,4,103.80,415.20,2025-12-16T03:59:54.663Z
item_691,order_273,prod_010,4,88.77,355.08,2026-04-09T11:13:03.674Z
item_692,order_273,prod_078,2,46.46,92.92,2026-04-09T11:13:03.674Z
item_693,order_273,prod_002,2,170.27,340.54,2026-04-09T11:13:03.674Z
item_694,order_274,prod_090,4,99.13,396.52,2026-01-15T04:00:21.634Z
item_695,order_274,prod_097,2,106.77,213.54,2026-01-15T04:00:21.634Z
item_696,order_274,prod_020,2,181.52,363.04,2026-01-15T04:00:21.634Z
item_697,order_275,prod_075,3,61.48,184.44,2026-01-23T21:50:58.861Z
item_698,order_275,prod_091,4,193.19,772.76,2026-01-23T21:50:58.861Z
item_699,order_276,prod_072,1,33.06,33.06,2026-02-15T08:53:42.628Z
item_700,order_276,prod_098,1,211.86,211.86,2026-02-15T08:53:42.628Z
item_701,order_277,prod_053,3,229.41,688.23,2026-03-07T22:16:46.674Z
item_702,order_277,prod_026,4,246.91,987.64,2026-03-07T22:16:46.674Z
item_703,order_278,prod_016,2,128.49,256.98,2026-01-04T02:38:21.285Z
item_704,order_278,prod_030,2,102.29,204.58,2026-01-04T02:38:21.285Z
item_705,order_279,prod_022,1,226.83,226.83,2025-12-23T22:05:03.615Z
item_706,order_279,prod_021,4,16.44,65.76,2025-12-23T22:05:03.615Z
item_707,order_280,prod_020,3,181.52,544.56,2026-04-10T05:41:00.024Z
item_708,order_280,prod_030,4,102.29,409.16,2026-04-10T05:41:00.024Z
item_709,order_280,prod_076,3,34.92,104.76,2026-04-10T05:41:00.024Z
item_710,order_281,prod_090,3,99.13,297.39,2026-05-16T05:52:02.452Z
item_711,order_281,prod_053,2,229.41,458.82,2026-05-16T05:52:02.452Z
item_712,order_281,prod_014,3,150.29,450.87,2026-05-16T05:52:02.452Z
item_713,order_282,prod_071,2,79.86,159.72,2026-06-05T12:37:32.410Z
item_714,order_282,prod_088,2,81.42,162.84,2026-06-05T12:37:32.410Z
item_715,order_283,prod_097,4,106.77,427.08,2026-06-01T09:36:11.050Z
item_716,order_283,prod_041,1,128.57,128.57,2026-06-01T09:36:11.050Z
item_717,order_284,prod_003,3,205.90,617.70,2026-02-27T08:25:33.641Z
item_718,order_284,prod_004,2,102.71,205.42,2026-02-27T08:25:33.641Z
item_719,order_284,prod_019,2,76.65,153.30,2026-02-27T08:25:33.641Z
item_720,order_285,prod_063,3,60.40,181.20,2026-02-24T13:27:43.244Z
item_721,order_285,prod_051,1,68.32,68.32,2026-02-24T13:27:43.244Z
item_722,order_285,prod_025,2,231.11,462.22,2026-02-24T13:27:43.244Z
item_723,order_286,prod_079,3,80.38,241.14,2026-06-08T12:23:08.988Z
item_724,order_286,prod_029,3,176.32,528.96,2026-06-08T12:23:08.988Z
item_725,order_287,prod_056,1,194.75,194.75,2026-05-17T09:07:52.576Z
item_726,order_287,prod_096,1,229.81,229.81,2026-05-17T09:07:52.576Z
item_727,order_287,prod_094,2,53.65,107.30,2026-05-17T09:07:52.576Z
item_728,order_288,prod_057,1,53.44,53.44,2026-04-22T23:33:46.155Z
item_729,order_288,prod_061,4,127.55,510.20,2026-04-22T23:33:46.155Z
item_730,order_289,prod_053,4,229.41,917.64,2026-03-13T09:18:06.171Z
item_731,order_289,prod_096,3,229.81,689.43,2026-03-13T09:18:06.171Z
item_732,order_290,prod_069,4,89.15,356.60,2026-05-30T04:31:04.650Z
item_733,order_290,prod_026,1,246.91,246.91,2026-05-30T04:31:04.650Z
item_734,order_290,prod_004,3,102.71,308.13,2026-05-30T04:31:04.650Z
item_735,order_291,prod_011,3,22.45,67.35,2026-03-23T19:56:40.233Z
item_736,order_291,prod_045,3,185.35,556.05,2026-03-23T19:56:40.233Z
item_737,order_292,prod_003,3,205.90,617.70,2026-04-04T12:18:53.214Z
item_738,order_292,prod_022,1,226.83,226.83,2026-04-04T12:18:53.214Z
item_739,order_292,prod_046,4,183.56,734.24,2026-04-04T12:18:53.214Z
item_740,order_293,prod_088,2,81.42,162.84,2026-01-24T18:48:13.706Z
item_741,order_293,prod_074,1,16.45,16.45,2026-01-24T18:48:13.706Z
item_742,order_294,prod_083,4,15.07,60.28,2026-03-26T01:41:30.764Z
item_743,order_294,prod_009,3,73.04,219.12,2026-03-26T01:41:30.764Z
item_744,order_294,prod_081,2,188.56,377.12,2026-03-26T01:41:30.764Z
item_745,order_295,prod_075,1,61.48,61.48,2026-01-01T15:35:53.084Z
item_746,order_295,prod_084,1,30.46,30.46,2026-01-01T15:35:53.084Z
item_747,order_295,prod_058,2,249.96,499.92,2026-01-01T15:35:53.084Z
item_748,order_296,prod_071,4,79.86,319.44,2026-03-10T07:52:26.990Z
item_749,order_296,prod_079,1,80.38,80.38,2026-03-10T07:52:26.990Z
item_750,order_296,prod_092,3,134.11,402.33,2026-03-10T07:52:26.990Z
item_751,order_297,prod_063,2,60.40,120.80,2026-04-25T14:08:18.108Z
item_752,order_297,prod_060,2,160.28,320.56,2026-04-25T14:08:18.108Z
item_753,order_297,prod_094,3,53.65,160.95,2026-04-25T14:08:18.108Z
item_754,order_298,prod_051,1,68.32,68.32,2025-12-21T21:29:58.727Z
item_755,order_298,prod_055,3,70.28,210.84,2025-12-21T21:29:58.727Z
item_756,order_299,prod_035,2,35.91,71.82,2026-06-07T03:49:48.013Z
item_757,order_299,prod_001,4,168.66,674.64,2026-06-07T03:49:48.013Z
item_758,order_299,prod_079,1,80.38,80.38,2026-06-07T03:49:48.013Z
item_759,order_300,prod_011,3,22.45,67.35,2026-05-26T15:47:18.032Z
item_760,order_300,prod_058,4,249.96,999.84,2026-05-26T15:47:18.032Z
